insert into cardtype values (1, "Visa");
insert into cardtype values (2, "Master Card");
insert into transactiontype values (1, "Перевод");
insert into transactiontype values (2, "Зачисление");
insert into transactiontype values (3, "Оплата услуг");

insert into RealCard (number,firstName,lastName,validDate,securePassword,cash,idCardType) values ("5515334586418020", "Wayne", "Payne", str_to_date("4/1/2016", "%d/%m/%Y"), "514", 9104029, 2);
insert into RealCard (number,firstName,lastName,validDate,securePassword,cash,idCardType) values ("3536203977854590", "Jane", "Kelly", str_to_date("21/7/2017", "%d/%m/%Y"), "638", 2961072, 2);
insert into RealCard (number,firstName,lastName,validDate,securePassword,cash,idCardType) values ("6767723825163200", "George", "Barnes", str_to_date("2/7/2016", "%d/%m/%Y"), "306", 9372328, 2);
insert into RealCard (number,firstName,lastName,validDate,securePassword,cash,idCardType) values ("3553770252753140", "Lisa", "Andrews", str_to_date("11/2/2016", "%d/%m/%Y"), "332", 7548769, 2);
insert into RealCard (number,firstName,lastName,validDate,securePassword,cash,idCardType) values ("3555095630043550", "Richard", "Kim", str_to_date("21/8/2016", "%d/%m/%Y"), "977", 7275805, 2);
insert into RealCard (number,firstName,lastName,validDate,securePassword,cash,idCardType) values ("3584884816702450", "Howard", "Alexander", str_to_date("14/6/2017", "%d/%m/%Y"), "553", 8466874, 1);
insert into RealCard (number,firstName,lastName,validDate,securePassword,cash,idCardType) values ("3564348635822340", "Annie", "Cruz", str_to_date("6/11/2017", "%d/%m/%Y"), "702", 7635847, 1);
insert into RealCard (number,firstName,lastName,validDate,securePassword,cash,idCardType) values ("4911616936392960", "Robin", "Berry", str_to_date("3/5/2016", "%d/%m/%Y"), "891", 8395164, 2);
insert into RealCard (number,firstName,lastName,validDate,securePassword,cash,idCardType) values ("3568647729873440", "Jacqueline", "Larson", str_to_date("1/2/2017", "%d/%m/%Y"), "568", 3298217, 1);
insert into RealCard (number,firstName,lastName,validDate,securePassword,cash,idCardType) values ("3581238712263570", "Catherine", "Marshall", str_to_date("26/4/2016", "%d/%m/%Y"), "220", 8160231, 2);
insert into RealCard (number,firstName,lastName,validDate,securePassword,cash,idCardType) values ("3537822309572510", "Theresa", "Graham", str_to_date("29/3/2016", "%d/%m/%Y"), "625", 4989509, 1);
insert into RealCard (number,firstName,lastName,validDate,securePassword,cash,idCardType) values ("5602226230208980", "Julie", "Wilson", str_to_date("30/4/2017", "%d/%m/%Y"), "163", 3197347, 1);
insert into RealCard (number,firstName,lastName,validDate,securePassword,cash,idCardType) values ("36503463615444", "Doris", "Hanson", str_to_date("18/9/2017", "%d/%m/%Y"), "851", 6730145, 1);
insert into RealCard (number,firstName,lastName,validDate,securePassword,cash,idCardType) values ("3551154797519160", "Anna", "Patterson", str_to_date("15/7/2017", "%d/%m/%Y"), "350", 2160495, 2);
insert into RealCard (number,firstName,lastName,validDate,securePassword,cash,idCardType) values ("5506099245711720", "Nicholas", "Williamson", str_to_date("3/12/2016", "%d/%m/%Y"), "891", 4012254, 2);
insert into RealCard (number,firstName,lastName,validDate,securePassword,cash,idCardType) values ("4917609083445460", "Kenneth", "Fowler", str_to_date("19/12/2016", "%d/%m/%Y"), "174", 9381747, 1);
insert into RealCard (number,firstName,lastName,validDate,securePassword,cash,idCardType) values ("5602210622574960", "Christopher", "Montgomery", str_to_date("17/11/2016", "%d/%m/%Y"), "812", 7762596, 1);
insert into RealCard (number,firstName,lastName,validDate,securePassword,cash,idCardType) values ("3582684274674370", "Susan", "Reyes", str_to_date("2/1/2016", "%d/%m/%Y"), "249", 6943049, 1);
insert into RealCard (number,firstName,lastName,validDate,securePassword,cash,idCardType) values ("3554731351590080", "Donna", "Smith", str_to_date("8/5/2017", "%d/%m/%Y"), "418", 2991142, 1);
insert into RealCard (number,firstName,lastName,validDate,securePassword,cash,idCardType) values ("3536014293500920", "Michael", "Marshall", str_to_date("23/6/2017", "%d/%m/%Y"), "977", 9833678, 2);
insert into RealCard (number,firstName,lastName,validDate,securePassword,cash,idCardType) values ("3556529603075470", "Kathy", "Marshall", str_to_date("5/7/2017", "%d/%m/%Y"), "728", 2057128, 2);
insert into RealCard (number,firstName,lastName,validDate,securePassword,cash,idCardType) values ("6331103989470210", "Jane", "Carter", str_to_date("23/7/2016", "%d/%m/%Y"), "871", 8566712, 1);
insert into RealCard (number,firstName,lastName,validDate,securePassword,cash,idCardType) values ("3538866384747850", "Carol", "Carroll", str_to_date("2/6/2017", "%d/%m/%Y"), "745", 7091585, 1);
insert into RealCard (number,firstName,lastName,validDate,securePassword,cash,idCardType) values ("3543389061770770", "Rebecca", "Kelley", str_to_date("8/5/2017", "%d/%m/%Y"), "642", 8866744, 1);
insert into RealCard (number,firstName,lastName,validDate,securePassword,cash,idCardType) values ("67629074205612800", "Patricia", "Morales", str_to_date("17/6/2017", "%d/%m/%Y"), "798", 8579404, 1);
insert into RealCard (number,firstName,lastName,validDate,securePassword,cash,idCardType) values ("67060163358050000", "Larry", "Garcia", str_to_date("20/4/2017", "%d/%m/%Y"), "367", 1961811, 2);
insert into RealCard (number,firstName,lastName,validDate,securePassword,cash,idCardType) values ("337941385564363", "Virginia", "Kennedy", str_to_date("15/3/2016", "%d/%m/%Y"), "504", 2644595, 1);
insert into RealCard (number,firstName,lastName,validDate,securePassword,cash,idCardType) values ("5007660746798600", "Juan", "Harvey", str_to_date("14/11/2017", "%d/%m/%Y"), "341", 4654924, 1);
insert into RealCard (number,firstName,lastName,validDate,securePassword,cash,idCardType) values ("3574047553380230", "Kimberly", "Ray", str_to_date("2/3/2017", "%d/%m/%Y"), "592", 5657809, 1);
insert into RealCard (number,firstName,lastName,validDate,securePassword,cash,idCardType) values ("3558253492854570", "Joshua", "King", str_to_date("13/10/2016", "%d/%m/%Y"), "646", 9054073, 1);
insert into RealCard (number,firstName,lastName,validDate,securePassword,cash,idCardType) values ("3561329726540900", "Christopher", "Austin", str_to_date("13/12/2017", "%d/%m/%Y"), "638", 7857602, 1);
insert into RealCard (number,firstName,lastName,validDate,securePassword,cash,idCardType) values ("4917518127761550", "Larry", "Holmes", str_to_date("1/1/2017", "%d/%m/%Y"), "845", 7894363, 2);
insert into RealCard (number,firstName,lastName,validDate,securePassword,cash,idCardType) values ("374283586015000", "Andrew", "Campbell", str_to_date("23/5/2016", "%d/%m/%Y"), "122", 7885649, 1);
insert into RealCard (number,firstName,lastName,validDate,securePassword,cash,idCardType) values ("30032582713241", "Kimberly", "Knight", str_to_date("12/2/2017", "%d/%m/%Y"), "814", 9654949, 2);
insert into RealCard (number,firstName,lastName,validDate,securePassword,cash,idCardType) values ("337941542239941", "Harold", "Lewis", str_to_date("20/6/2016", "%d/%m/%Y"), "981", 2488822, 2);
insert into RealCard (number,firstName,lastName,validDate,securePassword,cash,idCardType) values ("5602228775508950000", "Alice", "Gardner", str_to_date("23/5/2017", "%d/%m/%Y"), "859", 9398840, 1);
insert into RealCard (number,firstName,lastName,validDate,securePassword,cash,idCardType) values ("376445620025208", "Richard", "Jones", str_to_date("8/12/2017", "%d/%m/%Y"), "713", 9944569, 2);
insert into RealCard (number,firstName,lastName,validDate,securePassword,cash,idCardType) values ("5020167268689260", "Mark", "Foster", str_to_date("24/10/2016", "%d/%m/%Y"), "705", 4127874, 1);
insert into RealCard (number,firstName,lastName,validDate,securePassword,cash,idCardType) values ("560224449430672000", "Fred", "Morales", str_to_date("21/9/2016", "%d/%m/%Y"), "884", 4211808, 1);
insert into RealCard (number,firstName,lastName,validDate,securePassword,cash,idCardType) values ("6333822973306480", "Ruby", "Reed", str_to_date("30/1/2016", "%d/%m/%Y"), "343", 8766314, 2);
insert into RealCard (number,firstName,lastName,validDate,securePassword,cash,idCardType) values ("3555720940482510", "Larry", "Burke", str_to_date("25/5/2016", "%d/%m/%Y"), "755", 2614020, 2);
insert into RealCard (number,firstName,lastName,validDate,securePassword,cash,idCardType) values ("5602224088325090", "Russell", "Burns", str_to_date("20/4/2016", "%d/%m/%Y"), "397", 3580613, 1);
insert into RealCard (number,firstName,lastName,validDate,securePassword,cash,idCardType) values ("3569802685781380", "Katherine", "Gardner", str_to_date("11/4/2016", "%d/%m/%Y"), "789", 7856202, 2);
insert into RealCard (number,firstName,lastName,validDate,securePassword,cash,idCardType) values ("5602226709030040", "Janice", "Mendoza", str_to_date("22/3/2016", "%d/%m/%Y"), "558", 7048460, 1);
insert into RealCard (number,firstName,lastName,validDate,securePassword,cash,idCardType) values ("3541319462350610", "Matthew", "Phillips", str_to_date("17/11/2017", "%d/%m/%Y"), "880", 4853783, 2);
insert into RealCard (number,firstName,lastName,validDate,securePassword,cash,idCardType) values ("502095284160609000", "Karen", "Hicks", str_to_date("19/12/2017", "%d/%m/%Y"), "656", 6468195, 2);
insert into RealCard (number,firstName,lastName,validDate,securePassword,cash,idCardType) values ("3531190140049750", "Theresa", "Hansen", str_to_date("2/10/2016", "%d/%m/%Y"), "305", 2539074, 2);
insert into RealCard (number,firstName,lastName,validDate,securePassword,cash,idCardType) values ("3567205207234660", "Roy", "Chapman", str_to_date("2/4/2016", "%d/%m/%Y"), "440", 9390580, 1);
insert into RealCard (number,firstName,lastName,validDate,securePassword,cash,idCardType) values ("6372685834078090", "Anna", "Castillo", str_to_date("4/12/2017", "%d/%m/%Y"), "339", 3183479, 1);
insert into RealCard (number,firstName,lastName,validDate,securePassword,cash,idCardType) values ("5038549752451130000", "Douglas", "Hart", str_to_date("11/6/2016", "%d/%m/%Y"), "113", 9163234, 2);
insert into RealCard (number,firstName,lastName,validDate,securePassword,cash,idCardType) values ("3573665575030990", "Maria", "Thomas", str_to_date("21/2/2016", "%d/%m/%Y"), "392", 7714918, 1);
insert into RealCard (number,firstName,lastName,validDate,securePassword,cash,idCardType) values ("374288313263070", "Terry", "Burke", str_to_date("15/9/2017", "%d/%m/%Y"), "809", 1911864, 2);
insert into RealCard (number,firstName,lastName,validDate,securePassword,cash,idCardType) values ("675959684216630000", "Lawrence", "Henry", str_to_date("24/8/2017", "%d/%m/%Y"), "620", 9974226, 1);
insert into RealCard (number,firstName,lastName,validDate,securePassword,cash,idCardType) values ("4508986268762100", "Jeremy", "Bennett", str_to_date("29/7/2017", "%d/%m/%Y"), "549", 5921491, 1);
insert into RealCard (number,firstName,lastName,validDate,securePassword,cash,idCardType) values ("3584995886479380", "Jane", "Moore", str_to_date("4/8/2017", "%d/%m/%Y"), "384", 7116719, 2);
insert into RealCard (number,firstName,lastName,validDate,securePassword,cash,idCardType) values ("3536519079182640", "Lisa", "Brown", str_to_date("11/2/2016", "%d/%m/%Y"), "377", 1129959, 1);
insert into RealCard (number,firstName,lastName,validDate,securePassword,cash,idCardType) values ("5388987880783820", "Carl", "Payne", str_to_date("14/7/2017", "%d/%m/%Y"), "377", 7265203, 2);
insert into RealCard (number,firstName,lastName,validDate,securePassword,cash,idCardType) values ("30312717650793", "Ruth", "James", str_to_date("21/8/2016", "%d/%m/%Y"), "658", 3752750, 1);
insert into RealCard (number,firstName,lastName,validDate,securePassword,cash,idCardType) values ("670698880412473000", "Judy", "Cunningham", str_to_date("18/6/2017", "%d/%m/%Y"), "849", 4688246, 2);
insert into RealCard (number,firstName,lastName,validDate,securePassword,cash,idCardType) values ("201855511507976", "Ashley", "Fox", str_to_date("9/9/2017", "%d/%m/%Y"), "895", 5404536, 2);
insert into RealCard (number,firstName,lastName,validDate,securePassword,cash,idCardType) values ("3585922880240510", "Ruby", "Dixon", str_to_date("5/12/2016", "%d/%m/%Y"), "451", 1041582, 1);
insert into RealCard (number,firstName,lastName,validDate,securePassword,cash,idCardType) values ("3585171827683640", "Russell", "Burns", str_to_date("8/3/2016", "%d/%m/%Y"), "617", 6257091, 1);
insert into RealCard (number,firstName,lastName,validDate,securePassword,cash,idCardType) values ("5020185857933520", "Henry", "Smith", str_to_date("10/1/2016", "%d/%m/%Y"), "400", 9714966, 1);
insert into RealCard (number,firstName,lastName,validDate,securePassword,cash,idCardType) values ("3554576366378130", "Debra", "Edwards", str_to_date("9/8/2017", "%d/%m/%Y"), "576", 9221790, 2);
insert into RealCard (number,firstName,lastName,validDate,securePassword,cash,idCardType) values ("3559363295098600", "Virginia", "Hansen", str_to_date("1/2/2016", "%d/%m/%Y"), "582", 2401193, 2);
insert into RealCard (number,firstName,lastName,validDate,securePassword,cash,idCardType) values ("3588391766805470", "Carolyn", "Alexander", str_to_date("21/4/2016", "%d/%m/%Y"), "787", 3502672, 1);
insert into RealCard (number,firstName,lastName,validDate,securePassword,cash,idCardType) values ("5108752012895190", "Rose", "Armstrong", str_to_date("15/9/2016", "%d/%m/%Y"), "440", 690827, 2);
insert into RealCard (number,firstName,lastName,validDate,securePassword,cash,idCardType) values ("3574976943199450", "Christopher", "White", str_to_date("29/1/2017", "%d/%m/%Y"), "579", 4317340, 2);
insert into RealCard (number,firstName,lastName,validDate,securePassword,cash,idCardType) values ("60465826916246700", "Katherine", "Frazier", str_to_date("24/4/2016", "%d/%m/%Y"), "144", 7143441, 2);
insert into RealCard (number,firstName,lastName,validDate,securePassword,cash,idCardType) values ("604685564600078", "Craig", "Watson", str_to_date("27/8/2017", "%d/%m/%Y"), "252", 4204270, 1);
insert into RealCard (number,firstName,lastName,validDate,securePassword,cash,idCardType) values ("3539582685108240", "Deborah", "Sims", str_to_date("3/6/2017", "%d/%m/%Y"), "129", 6084752, 1);
insert into RealCard (number,firstName,lastName,validDate,securePassword,cash,idCardType) values ("3561897443274650", "Anthony", "Miller", str_to_date("27/1/2017", "%d/%m/%Y"), "808", 8531337, 2);
insert into RealCard (number,firstName,lastName,validDate,securePassword,cash,idCardType) values ("3586658696040310", "Shawn", "Ortiz", str_to_date("9/6/2017", "%d/%m/%Y"), "365", 3289623, 1);
insert into RealCard (number,firstName,lastName,validDate,securePassword,cash,idCardType) values ("50388509163774700", "Samuel", "Oliver", str_to_date("6/4/2016", "%d/%m/%Y"), "420", 4314828, 2);
insert into RealCard (number,firstName,lastName,validDate,securePassword,cash,idCardType) values ("4905046995969260000", "Amanda", "Snyder", str_to_date("23/4/2017", "%d/%m/%Y"), "127", 1429358, 1);
insert into RealCard (number,firstName,lastName,validDate,securePassword,cash,idCardType) values ("3536977502071840", "Bruce", "Martin", str_to_date("20/8/2016", "%d/%m/%Y"), "921", 2524461, 2);
insert into RealCard (number,firstName,lastName,validDate,securePassword,cash,idCardType) values ("30077591873098", "William", "Howard", str_to_date("23/1/2017", "%d/%m/%Y"), "796", 1563502, 2);
insert into RealCard (number,firstName,lastName,validDate,securePassword,cash,idCardType) values ("5602245590814000000", "Phillip", "Cox", str_to_date("9/5/2017", "%d/%m/%Y"), "332", 7008982, 2);
insert into RealCard (number,firstName,lastName,validDate,securePassword,cash,idCardType) values ("3551338697092840", "Dennis", "Austin", str_to_date("29/9/2016", "%d/%m/%Y"), "283", 988697, 2);
insert into RealCard (number,firstName,lastName,validDate,securePassword,cash,idCardType) values ("3562863767413470", "Matthew", "Mcdonald", str_to_date("22/6/2017", "%d/%m/%Y"), "877", 1868790, 1);
insert into RealCard (number,firstName,lastName,validDate,securePassword,cash,idCardType) values ("374622898547970", "Shawn", "Gutierrez", str_to_date("18/3/2017", "%d/%m/%Y"), "654", 3569013, 1);
insert into RealCard (number,firstName,lastName,validDate,securePassword,cash,idCardType) values ("30257544980998", "Russell", "Chapman", str_to_date("9/6/2017", "%d/%m/%Y"), "307", 7091780, 2);
insert into RealCard (number,firstName,lastName,validDate,securePassword,cash,idCardType) values ("5100134211282230", "Earl", "Ryan", str_to_date("19/3/2017", "%d/%m/%Y"), "905", 1310374, 1);
insert into RealCard (number,firstName,lastName,validDate,securePassword,cash,idCardType) values ("6771082877889450000", "Dennis", "Gray", str_to_date("15/12/2016", "%d/%m/%Y"), "717", 7209237, 1);
insert into RealCard (number,firstName,lastName,validDate,securePassword,cash,idCardType) values ("5100134462659310", "Evelyn", "Smith", str_to_date("8/7/2017", "%d/%m/%Y"), "513", 5814104, 1);
insert into RealCard (number,firstName,lastName,validDate,securePassword,cash,idCardType) values ("3578051726212560", "Elizabeth", "Cook", str_to_date("3/12/2016", "%d/%m/%Y"), "209", 7789917, 2);
insert into RealCard (number,firstName,lastName,validDate,securePassword,cash,idCardType) values ("3559554304904890", "Paula", "Welch", str_to_date("18/5/2017", "%d/%m/%Y"), "779", 4886967, 2);
insert into RealCard (number,firstName,lastName,validDate,securePassword,cash,idCardType) values ("67635465990008100", "Marie", "Carr", str_to_date("24/9/2016", "%d/%m/%Y"), "967", 8778278, 1);
insert into RealCard (number,firstName,lastName,validDate,securePassword,cash,idCardType) values ("5602249343530520", "Janice", "Duncan", str_to_date("15/7/2017", "%d/%m/%Y"), "822", 1108704, 1);
insert into RealCard (number,firstName,lastName,validDate,securePassword,cash,idCardType) values ("3548749856547300", "Benjamin", "Garza", str_to_date("15/12/2017", "%d/%m/%Y"), "691", 8439673, 2);
insert into RealCard (number,firstName,lastName,validDate,securePassword,cash,idCardType) values ("3570046568886380", "Lawrence", "Torres", str_to_date("28/7/2016", "%d/%m/%Y"), "229", 7523764, 1);
insert into RealCard (number,firstName,lastName,validDate,securePassword,cash,idCardType) values ("56022145546129400", "Martha", "Smith", str_to_date("9/6/2017", "%d/%m/%Y"), "133", 2799627, 2);
insert into RealCard (number,firstName,lastName,validDate,securePassword,cash,idCardType) values ("6333214491727020", "Jerry", "Russell", str_to_date("28/2/2016", "%d/%m/%Y"), "731", 6186154, 2);
insert into RealCard (number,firstName,lastName,validDate,securePassword,cash,idCardType) values ("337941535085343", "Kevin", "Duncan", str_to_date("22/7/2017", "%d/%m/%Y"), "385", 7608731, 2);
insert into RealCard (number,firstName,lastName,validDate,securePassword,cash,idCardType) values ("6767544062413190", "Stephen", "Jordan", str_to_date("20/1/2016", "%d/%m/%Y"), "120", 4127674, 2);
insert into RealCard (number,firstName,lastName,validDate,securePassword,cash,idCardType) values ("30086362202262", "Jennifer", "Fowler", str_to_date("8/2/2017", "%d/%m/%Y"), "235", 5629889, 1);
insert into RealCard (number,firstName,lastName,validDate,securePassword,cash,idCardType) values ("3578999326464130", "Justin", "Nichols", str_to_date("24/8/2016", "%d/%m/%Y"), "627", 3811543, 2);
insert into RealCard (number,firstName,lastName,validDate,securePassword,cash,idCardType) values ("201862132201773", "Paula", "Henry", str_to_date("6/1/2016", "%d/%m/%Y"), "661", 3040721, 1);
insert into RealCard (number,firstName,lastName,validDate,securePassword,cash,idCardType) values ("3569756095870790", "Kevin", "Simpson", str_to_date("8/6/2016", "%d/%m/%Y"), "133", 3432194, 2);
insert into RealCard (number,firstName,lastName,validDate,securePassword,cash,idCardType) values ("6374882582967480", "Jean", "Ross", str_to_date("27/3/2016", "%d/%m/%Y"), "682", 9737544, 2);
